label,text
4,"Make of good quality material, however it is a bit too big for infant. Recommended! :)"
5,Same as shown in pic...good quality ... Hope it is useful after pregnancy as well...
3,"Normal delivery, yet to try and hopefully is nice. Wanted to use it for baking. "
1,Fast delivery but size seem to be too small n not stretchable even thou is 4XL.
3,box is just plain white no logo like the picture. quality okok. i thought there’s coins zipper but no have
4,Received my items :) have not try yet. Ordered 2. 1 black n white. White condition is good. But the black one front part paddy seems to be crumbled n abit out of shape :(
5,Came as advertised and all in good condition.. Wil recommend
5,"Fast delivery, items sold at low price. Worth it"
3,Same comment as one of the buyer. Order took ages. 
5,Perfect And Good Quality..Fast Shipping..
4,"Fast delivery, item good quality. However, the customer service not good. Doesnt respond at all. "
4,Packing nice but ending notes not clear 
1,"Yet to test if it is working, so giving a neutral rating 1st. Will upgrade or downgrade the rating again after testing out.
Totally rubbish! Tested and it was not working. Informed seller and seller says can do an exchange, but when I probed further on how to go about doing the exchange, seller ...."
4,item arrived after 2 weeks. that's expected. condition of item is well wrapped up and I have used it a few times for cooking. length is long and good for distancing oneself from splatters of cooking. overall fairly satisfied. 
5,Item received in good condition. Delivery was fast. Will definitely buy again.
5,Item received in good condition. Like!
2,"Cover is slightly thicker than expected. When put on watch, it doesn’t look very nice. The silicone is not very soft."
5,"I think it’s one of the cheapest whipping cream I found, excited to use it for my bakes. "
5,Fast delivery! Thank u seller for fulfilling my request!👍🏻👍🏻👍🏻👍🏻👍🏻👍🏻
4,"Cheap plastic but then, it's affordable and works."
4,"Tried the device on my nose. Seems to be able to extract some white head. Dun work on stubborn zit. The suction is indeed quite strong, cause abit of redness but will disappear after awhile. "
4,"New stock, long expiry. Not tried dont know how effective hope it works. Tks. "
1,not able to work the light . really disappointed
1,"Mine had OIL stains & seller said 'try wash it out' - I cant because its heavy oil from the machines. Also said its ""just on the inside"" (it was not & does that matter??! It shouldnt have oil anywhere!) Dont buy from this store, there r other stores selling the exact same top at the same price. "
4,Delivery was fast. Received within 4 days. Products were good however the parcel was not sealed (one side of it); means you can just pull out the items from the parcel. Understand that seller may hv difficulty finding the right parcel size but pls consider to improve on the packaging. Thank you! 
5,definitely oversized & really loved the deisgn! will buy agn!!
3,Same like in picture. Just nice size but sole not comfortable. And there’s strong smell
4,"One of the fabric bands is tighter than the rest. In terms of colour, the pink and yellow are nicer."
1,The meterial is comfortable but a bit thin and not too stretchable . Not recommended to buy unless you wear at home. 
4,"need wait for super long , but item came in perfect 👍🏽👍🏽 worth the wait bossku"
3,Shipment very long. Took 12 days to receive even though shipped from Singapore. Material is not stainless steel of course. But I expected that for the price. 
2,"Order took quite long actually. 2 weeks.

And also messed up the order. Ordered happy mix and cookie, but got real choco and cookie :( and wanted the 2 pc free but got the shake instead. "
4,items received in good order.. yet to try out the quality..
2,Not very good as there is no facial care probe
2,Bag is smaller than expected. 
5,Don’t look like what I get from the picture
1,Disappointed. Quality is poor
4,Delivery time was reasonable. Length is okay. Material is quite lightweight - guess with the price paid it's expected 
5,Thanks host for going around to source for nice products for us 👍🏼
1,"it doesn’t look the the picture, not sure if it’s authentic. Was disappointed that the product is slanted. "
3,The red ones is better than the black ones. Size S for the black one is like xxs. 
3,"Fast delivery, just a few days. However the hooks didnt really fit for the bra, the hooks are a bit far apart. Have to forcibly fit it with bra, not perfect fit. Quality overall okay."
4,Packaging is not discreet enough. Can easily guess what is the item content but price is cheaper.
3,Actually thin and flimsy. Seams not sewn straight. Don't think it will look like pictures even after ironing
1,"I'm so sad this SD card cannot used when i transfer all my photos n videos go to SD card all gone, please don't buy, i really head pain n so sad, now i don't know how to get back my photos n videos "
5,Item received as described. Nicely fit on my charge 3 device 
4,Received in good condition.  Hand size and works well.
1,Nice adapter but difficult to use. Unable to insert USB the green ports smoothly. Keeps getting stuck and had to use force to insert and pull out. Only the ornage port was smooth. Request for return/refund but seller rejected saying is my alignment problem...
5,"Very well packaged, and bag is so pretty!"
2,cover is very lose on the phone and phone comes out easily. delivery took about 10 days 
1,"The cups came unprotected , just in a filmy plastic bag ... one of the cups was already broke off from the handle when it arrived "
2,"As what others have commented, the option of ""no packaging"" comes without the storage box! Refer to set list in the description, definitely items not received as described and anyone will interpret packaging as the cardboard box in the picture. Either seller is dishonest or needs English lessons. "
1,Only 1pc. Scam
1,Item nicely packed but the eye sticker was out of place and came off easily. Had to stick it back with tape. 
4,"Product arrived quick and in good condition, however, realised regrettably that it’s priced more expensive for the same model than another store. "
2,looks quite cheap but expected since it is only one dollar plus
5,Fast delivery and product was delivered in order. Ez setup.
2,Took too long to received since the supplier is in sg n even have to extend the Shopee guaranteed. Disappointed.
5,Too quick 
1,"Recieved the order before the delivery timing. Pretty packaging but the cake desgin is different as advertised (the logetivity wrapper is kinda of awkward) 😅
No Mother's Day tag and knife also. "
1,Arrived after 17 days!!
3,Kinda small for me I’m 166cm and 49kg but it’s does look exactly as described 
4,Quality is ok but I have difficulty in putting on the screws. 
4,Fast delivery. Ordered yesterday  received today!thks! Products look ok. The first bag comes with hole. The rest ok
4,All is good except not Long lasting unless maybe it’s the peelable base that’s causing the lifting issue
5,fast delivery! well packed. colours are so vibrant and size is true to description. will definitely purchase again! very comfortable to wear.
1,Bad experience 
4,One big packet worth for money but the noodles all joint up hopefully taste fresh
5,Very fast delivery! Items were packed nicely with bubble wrap. The tube with Yook Sungjae’s faces is so cute. The smell is also nice and good on the skin. 👍🏼
5,Good and working well👍👍
3,"Item is dirty and alot dust, pay for item + free sweat for cleaning. Need alot of improvement on that.

Box is ok for technical person to setup as the attached guide is not really accurate, minor scratches on the plastic board.

Thank you boss. "
5,Items came well packed. Second buy. Love that they gave slightly more samples this time. Excited to try the heartleaf essence.
3,"Table came within a few days. seller is not very helpful regarding delivery. table was a little faulty, one of the legs are not balanced properly so its shaking. have to put newspaper on the floor."
3,Receive like open set .. no plastic packaging ... feel bad ☹️ 
1,"This is too big.. if i wear all the way up.. the dot part cannot stay at my tummy, it will be up all the way to mygastric there.. 

Sad product.. does not match with what is advertise"
5,"Items 
arrived 
In
Good
Condition 
Have
Yet
To 
Try
👍🏻"
2,Its hard to stick on my lash :(
1,"Seller sells good but delivery is worst than ever. 1 star for delivery but 5 star for seller. Because use delivery JTexpress instead of NinjaVan, item got stucked and delayed. So will not trust JTExpress ever"
5,"Material is thick and stretchy. But I bought XL and was too big.
Usually china size is small but this time it meant what it said.
My size usually L but for this pant, I need to buy M, if not it will drop off"
2,got the item in damaged condition but the toy is good
4,Received the good in good condition. Just wondering how to expand the gap of the earring as the gap is too small to hang on my ear... 😂
4,"Pants came smaller than expected but luckily it fits ok, material is quite thin, would suitable for home wear"
5,2nd purchase . Product freshness 5 stars delivery 5 stars customer service 5 stars. Will confirm reorder again
1,"Expected more colourful plush , disappointed came only with 2 tone brown or purple."
3,Packed in a styrofoam box so that’s good but one of the screen came with a few scratches.
2,"Was being advised in description to order one size bigger. Which was 39, item came, tried it and I have a big space left. Now I’ve got no idea what to do with this oversize shoe. But shoe material is good "
3,Didn't expect that delivery will arrive fast. Received the package 6 days from the time of purchase to be exact. This key rings pack is missing 1 piece.  Thank you!
5,Product received in perfect condition. Very happy with this purchase!
4,Quality is good. Just a bit tight. I took L wish there was XL. Still love it!
3,Items as described. Cap a little stiff. 
4,"Received this two Luxury Soft Silicone Case yesterday evening. The Yellow is perfectly alright on both sides but for the Cactus, the back of case have a rather rough texture of little bits to it compared to the Yellow one. Other than that, everything is okay. Thank you seller."
1,"Size M the mentioned totally different, list mentioned bust 92cm, but came in the size only 68cm.. Too much difference, even my girl(secondary 2) also can't wear it.. Better retake all the size and put properly if want continue to get buyer. "
5,Hope its good yet to try. Fast delivery
2,"Cheap, but does not comes with original box.. the filters were crushed on delivery, but yet to try if can still use or not.. "
2,"Will not buy this again. So tiny, not useful at all."
3,"In general, a satisfactory item. However, the battery life is way below what the stated 10 hours of talk time. It's around 3-4 for me. Shop claims that it ""gets better with more charging"". Well, you be the judge for that. I hope people be aware of this misrepresentation here."
1,Ordered dark grey get this colour.. and the shorts is different from the picture 
2,The bowl is smaller then expected and it’s misshapen the quality is meh 😕 it’s like takeaway plastic container kinda quality. Brushes are fine just disappointed with the bowl 
3,Has not try on the products. And Dont have english to explain how to use it.
4,Big and easy to use
4,The colours are vibrant and look good. they fit my earphone cable much better than my charging cable.
5,Item arrived earlier than expected. Tested and works perfectly on Samsung Galaxy S20 Plus. Pleasant experience. Thanks! :)
3,"Reasonable quality for the price however colour description is abit off. Description indicated as black colour however when item arrived, it was actually dark brown not black."
1,Can only sealed  NOT able to Vacuum ;(. Have PM the seller. But was v disappointed with the replied  :(
1,This is waste  product  google play store not working using for what?   don't buy anybudy please pls pls
2,Repeat buyer. Unfortunately this time i received the items. Luckily im fine with the current reed diffuser design. 
1,"Ordered on 27/4, received on 8/5. Carton condition not satisfactory.
Came w/o handle, seller resend handle, received on 12/5. Handle was not satisfactory, cannot fit."
1,"Good for value, but no coating at all. Even the cheapest tempered glass I bought can feel the “slippery-ness” when applied. This have non of that "
2,"quite disappointed w this tbh, the buttons cant button the shirt properly & comes out very easily when ure wearing the top. The top is way too low & cropped unlike in the pic. "
5,"Happy with my order! Item is hard, not those rubber type! And delivery didn't take too long too. "
2,Not much of a difference in colour.. Packaging is not well and glitter spilling everywhere...
4,I had the impression it’s is for 5 pcs since the option is to choose A or B (Minnie mouse). But only 1 piece came. 
2,Took super long.
1,Didnt expect to be sucha small bottle. I thought it was the bigger one? Never seen this size in stores before thou. Sigh. Not worth it
2,Need to force it into the outlet before it works. 
3,Delivery too quite awhile. It’s affordable but there’s quite a lot dust on the shirt.. quite disappointed as it’s for baby. 
3,too transparent.. can see what color underwear you are wearing..
3,"Took almost two weeks for delivery. Box is squashed, item looks a bit oldie "
1,Not satisfied with item but seller refuses to refund despite 15 day return policy 👎👎👎
1,"Will not recommend, the product sent is about to expired in 4 months time. Seller are not prompted with respond as well."
5,Well received and consider fast delivery from oversea (about a week) 
1,"Received toffees black tea but the taste is not as good as black and green mixed tea!
They should removed as customers do not know there are out of stock for the black and green mixed tea!!"
3,Elastic string is very thin.
2,Assumed that the green colour is a darker shade since there isn’t any picture at all. Disappointed that it came as neon green instead. Next time upload pictures of all the colours
4,"front face is okay, no bubbles, but bubbles appeared on the sides after putting in the case... "
3,Both my hooks got slight bent mark. 
2,"Bought two because of the good reviews, but disappointed that it is not as fluffy or thick as shown in the pics. Doesn't feel worth the price. I don't think I will buy again. Two stars for the decent material. "
1,Too big for me even though I followed the measurements when making the purchase ):
4,The size is ok for my Daughter and the material is good. Loved the hello kitty one.
1,Condition of box was bad upon opening of package received. Lucky thing the masks was wrapped & sealed (air tight) . Otherwise product review could even be worse. Disappointed with my first order from Shopee 👎
3,Order received late.
5,2nd time order! Well pack with bubble wrap. I will but again. Thank you. 
2,Batteries tested and working on my controller but the charging Dock is unstable when u place the battery to charge. The led indicator will Sometimes show red then change to green then red again. Not sure if battery is already full or still needs charging. Need to play around with battery position 
4,Cups abit flat. Fits better for smaller built ladies. Ok for this price.
3,Have not install.
5,Delivery is ok. Item came in good condition and well packed with bubble wrap! Have yet to the Ordinary products. Hope it works!
2,Items don’t looks good to use. Looks sticky. Will consider buying other type next time. 
3,Good product but lack of the dust sticker. Luckily there is 2 pieces.
2,I’m not able to connect the camera to WiFi despite multiple tries. Tried to contact seller for advice however no replies. Just too bad for me :) 
5,Cute socks! Quite fast delivery! Recommended! Thank youuuuuuuu! 😊😊😊😊
3,item received well and packed nicely. shipping might have been delayed due to sale period 
3,I’m not a huge fan of this pdt because I’m fair skinned with blemish and it leaves my face overly-white. I don’t think I can wear this product alone but to layer it with concealer or foundation to match my neck colour. Love the bottle though and thks for the gift!
2,"I ordered 12 pieces, only received 10 pieces. Doesnt comes with the centre nut as shown in picture. Otherwise it can hold well. "
5,Item was securely sealed and protected. Thank you for delivering item on time. 
2,Sizes are not accurate.. black color is bigger than khaki color.. and the price is not real coz seller featured $.99 per piece but i end up paying $6plus with $1 shipping fee.. but i got another extra underwear which even smaller even its all M size .. 
1,Already told them that the tripod cannot stand when the 3 legs fully extended n it also cannot locked by the remote control holder. Numerous of messages transpired yet they still insisted no problem. A few of my friends also figure n we all found something is missing.
2,"Doesnt look the same as per picture, disappointed."
5,Fast delivery.thanks for gift
4,Quantity more than what I expected. Delivery took really Long. Quality seems decent. 
2,Slow delivery. 
2,Material is nice. Just be aware that seller was reluctant to do a refund/exchange on the wrong size given 
4,"Received in good condition but doesn't look authentic Samsung. But For the price range, ok to use"
5,Good items quality. Fast shipping.
5,Received the drinks today. Thank you! Ordered 2 days ago n received it today. 👍🏻
5,"It’s actually quite slim, not too heavy. Love the color, outs very pastel pink. Girls will definitely like this. "
1,Beware:  the internal storage (ROM) of 128GB is fake.  Buy at your own risk.  
3,"Fast delivery, but POOR after-sales service. Was missing with 2 items and had to WAIT 10+ days of investigation + 7 days for refunds to be processed to my Shopeepay + 1-2 days to transfer to my bank account. Cant believe the worse CS lies in Shopee itself"
5,"Items received .
Very sorry late reply just back from holidays
Happy New Year  2020
"
3,Colour not as vivid as shown
1,It's not working. Led did not display anything.
2,I give you seller 1 star is respond few hours second star given to you is product not bad the fourth and fifth star I unable to give you be very honest shipping is very slow even I pay stand Express yet received 3 hours ago purchase on 27/12/2019 arrive 05/01/2020 10:58pm come so late for what !  
2,Wrong colour of the cable delivered but it was too troublesome to return the product fir a refund during covid19...
3,Shipped the wrong parts. I order A-09 luggage wheels but I got A-08. Can’t use! 
1,"Hi all please take a look at this. Any 6 for $1 off? Not too sure why? I don’t know? 
What kind of seller is this!! So disappointed my god!! Item is so so but this kind of cheating and lying is a nono therefore 1 star "
5,Received item in good condition. Thx
4,"Compared to more tubular versions of silicone travel bottles, this one is slightly harder to squeeze since it has a really slender body. Good thing it comes with a non-drip mouth that prevents any liquid contained within in from flowing out when held upright unless squeezed. Delivery took weeks."
1,Lousy . Asking for 5XL but item all were small as if its for M. Will never order again
4,I asked for green but received brown??? Hahaha but not that mad abt it it’s pretty cute just hope they deliver the correct color next time!! material is quite good
1,Very fragile
2,Very hard pads and bad quality material 
2,length was okay but the top was oddly loose at one side
1,NOT GENUINE BRAND. SLOW REPLY ON AFTERSALES.  
4,"Took a little bit longer than expected to be delivered. The first time I bought, got it the next working day. This time, 3 working days after. But the smart plug is good. Easy to setup, works with IFTTT, I can set it to turn on or off based on I am leaving or coming back to the house."
2,"Item is ok. Tested and set new password. Working just fine.
But delivery take forever. Got 2nd batch order and yet to receive first one until now."
4,Item received as pictures described. Not yet try..
3,"Received walnut instead of cashew.

This doesn’t taste like (Australian) nougat. Nice packaging and soft texture but I think would be more aptly described as a soft, condensed milk sweet with nuts. Not what I was expecting or that nice. 

Gin Thye’s honey joys & savoury tau sar piah are much better"
5,Well package and fast delivery. Thank you for the good product
1,"Seller, which part of it is Down? Evidently this is a MicroFiber. And the gsm is too little that’s why it is so flat even after i unzipped and fluff it. gsm should be less than 1000 i supposed. 

Not recommended. 
1) too flat. 
2) not Down as advertised. 

Seller getting away with fraud apparently. "
3,material not as comfortable and smooth as expected. feel kinda rough
2,"The item took extremely long to arrive, information inaccurate. Got the item, packaging is good. "
3,Box had a small hole
2,"送货挺快的。
但这个质量真的是不好，才用第一天就这样了。
第一次订不够，货还没到就又订多一次。
希望第二次的订购，质量是没有问题的。"
2,Colour will fade off 
2,"Too big and doesn't look exactly the same as photo 
Abit disappointed "
3,"Second purchase, the quality is not as good as the first purchase and one nipple head was broken. "
3,Take a few day to deliver.  Their 32cm size is different with store size.  Looks small to me. Yet to use.  
4,Shorts size is small... Other than that good product 
1,Item torn when received. 
2,Item received in good condition but material too thin and not worth price. 
3,Fast delivery and good quality! However I wanted to change my order and the seller rejected my request without even checking with me.
5,"Came fast, everything nicely wrapped with free gift. "
1,"it’s small yet light
i got it not long ago and it’s crack alrdy 
abit waste $$"
3,"The fit is good for my 4yo, length is good too. The material is thin for our hot climate, but it is the rougher type of linen. "
5,"Product as described, took a little long to deliver but it’s free delivery!"
3,"The colours are of a different shade. Yellow became light orange, greenish grey became fog grey and blue became purple. "
3,Mask size is not for kid but an adult size
2,The small base was dirty n at the bottom there was a chip 
5,Fast delivery especially during festive season
4,"Not the colours shown in the picture but still a figure is a figure for the price
Box came dented but the figurine itself is fine "
5,"Very fast, packing good.
Sibei sibei sibei sibei good good good......nice seller!
Huat arh!"
3,"Its not as good as the first one i bought :(
The blade was abit blent and the screw (?) gets tighter when i use it"
2,"The herb I smell not same as what I bought before, that weird"
2,The wipes were almost dried up. Probably close to expiry date. Won't repurchase
1,Ordered on 4 May but now haven’t received the item yet... seller responded rarely.. don’t know when can I get my item 🤷‍♀️
3,"Not too sure if I prepared right, taste is okay. "
4,"Delivery within expected timeline.  It works as described and you can feel the vibration. If you have long hair,  you must tie it up or else it could tangle  up with the fan. It does help me to reduce aircon usage when WFH."
5,Just one pcs.ok
3,Ok for price
1,"Bought 3 watches, 2 of the pin on strap were broken after wearing it for 1 day. "
5,Wow i am super super impressed by the quality! And it is sooooo cute too!! Delivery was within a week as well! There are 3 sticks that helps to stiffen the sides of the seat so it doesn't slouch inwards. So glad to have found this seller! Will definitely repurchase! Highly recommend!
4,"Not bad quality and good price. Normally I use to wear M size but for this produce ahold buy bigger size. 
"
3,Material not cotton will not absorb sweat dint like it that much
3,The pants is small and tight for a size M-L person like me. But the shirt fits nicely on me
1,Ordered 2x bundle of 2 but delivered only 1x bundle of 2. No refund allowed. Had to wait for missing 1x bundle of 2. Originally planned as a gift but that obviously didn't work out because of missing quantity. Very bad experience! 
1,"i bought 36 pcs, but only received 35 pcs. SELLER please take note on this. i had read others' review, dont keep repeating this mistake for your TRUSTED customer."
1,"Second review after using the product for a week, poor quality,  Charge fully can only use less than an hour or worse 30min , right piece button spoil.  Not recommended and won't purchase again. "
2,"Got scratch and the goggles was blurry
"
1,"Received item take very long time then expected date,product test FM channel keep on jumping to other channel,not worthy to purchase label stick out and bad frequencies receiver noisy."
4,I like the material. But the material is a little too thin. Seems a bit tight too.
5,Took time to arrive but nice and fluffy! 
3,Sturdy. The rods are coated with oil so I do not suggest rolling the clay out immediately. The parts are dirty and scratched but this is one of the cheapest clay roller I’ve found so far.
3,good product but the left and right sound imbalance and the product is quite sensitive to touch...battery wise die faster than i thought 
3,"Material is cooling and translucent. Better for small built in XS and S size. Im an M-L, can try if u r not tying coz overlapping the front lapel doesnt work for bigger built. Material and sizing worth the price lah. "
1,"Bought these for my mum on 27/4. They didn’t dispatch until 8/5 night, aft I sent multiple msgs stating that it’s been 10 working days.(They took damn long to reply.) Parcel only arrived today 14/5. I just think the whole process is too long. Not a very pleasant experience."
2,dirty
3,Quality and Color etc are decent. Like the photos. Diff feeling from model photo when worn.
1,It wasn’t original 😐.   The original watch is lighter than this watch 
4,pretty suits me
2,Item received with good condition. Have tried it. But result is 👎🏻👎🏻👎🏻😓.
2,received with big scratches on the seat cover. this is for bottom screw not for the top screw that i need
1,Old item sent to me. Can see that inside of canister is rusty and corroded. 
2,It's not strong enough but its ok
4,Had a hard time fitting this together but finally got it in the end. Hope it works well
4,"Came in good condition, with bubble wraps. But the silicon part was stiffer than expected. Hopefully it works well."
1,It's not as good as it described. The lights doesn't Shorne into the earhole that much as compared to the digging stick. And the quality of the light also not that good as it flashes when using half way. Not quite satisfied with the purchase. 
1,Came with tempered glass cracked. Useless.
1,Gak ada Talinya
4,"The socks look fine except that the animals are different on each side for the yellow ones.  Nevermind, I think it's still wearable."
5,Received but yet to open up n try. 
4,"delivery super duper fast. but the items some are torn out like the clips cant clip n so on..and heavy shoes must be place below, slippers all can be placed on top. cant stack high due to heavyness of the shoe. a bit neater now. hope can last long. 
.
forget to take the pic of the dented ones. "
2,Ordered XXXL upon receiving was disappointed as the size equivalent to M size
3,Delivery was prompt. But not quite “premium” as described. Stand wasn’t stable and wobbled. 
4,My 20 moths old don't quite like this. But I'll keep offeeinf
3,not really working for me
5,Received and packed nicely!Thank You Seller
5,Very nice cover ! Love it 
1,Definitely not original... please dont buy if you want a original controller
2,Workmanship pretty bad but can't really complain because of the price. They are a bit small for my hands too.
2,Item came..but the package was badly damage.. 
4,still big for my boy but the prints looks good. materials wuite good as well.
5,The book came well packaged in a bubble wrap bag.. Vivid colors and interesting short stories great for little ones. 
1,Bad quality 
2,"Not the same as displayed. Apparently, its a jeans short and its blue! Not black! Just by visual, u can tell its not XL!"
5,Received order nicely packed in a box. Seller was responsive to my query also. 
5,not so firm but value for money.... great still :) if u dont expect so long or so firm
5,very nice and convenient!!
1,"Delivered wrong item. Yet not responding for refund. Seller is not reliable. Delivery guy rude and refuse to collect back the items.  Despite many efforts, seller refused to take back the wrong item and refund. I had to go to consumer association for a refund."
2,"Got crack Mmm, the quality is meh i guess. Not much different from other brands. "
1,Worst buy. Bought it just to end up left bud not working. Saw previous reviews but thought it was a one off incident. Guess all their items are faulty. Both got light but one side not working. Unacceptable at all
3,"quality good, but the 140 size is smaller 3cm. "
1,Very very very slow delivery. Not recommended unless u can order much earlier then u want to use the item. 
4,Item received in good condition. Will repurchase if delivery is fast enough 
3,Watch a little bulky and light but it does its function...... 
5,Nice! Good buy! Will order again. 
5,"Delivery was quick! Speakers sounds good and have Bluetooth function, really good value for this price."
4,"Can't expect much for the price. Material is very thin and flimsy. May tear easily. Will be a little big for ladies with smaller bust size, 70B. "
3,Lashes are very long and dramatic. I heard someone has sensitive eyes after using so i haven’t used it yet 
3,Not very sensitive after putting it 
2,"This matte tempered glass might have resulted in me not writing properly with my Apple pen :/ & this screen protector “blurred” my screen, it made my screen blurry :( , idk why...& also resulted in not be able to sense my Apple pen well T.T I often need to rewrite. "
5,"Trusted seller, well packaged and fast delivery. Can’t wait to try!"
2,"cover broke in half and unable to cover at all, brush tip was dirty too, quite upset"
2,"Thickness only about 1.2cm, not 2cm
Has big gaps in the mat
Squeaky sound when stepped upon, feels like stepping on styrofoam board"
5,Receive it on the day itself just withing an hour or so. Really recommend this seller! Definitely will order more in the future!
3,Some scratches but its fine considering the price.
2,My Samsung note 10 touch screen became not sensitive and hard to press after putting on the screen protector :(
2,Material not as expected 
4,Fast delivery. Material is thin but good for singapore weather.
2,"Wahhh your shop so lie ,andante say have warantee 6-month and just 9 day have problem never mind my chat "
2,Quality feels good but the charging wasn't fast
5,Gud and soft leather ...Overall recomended .....Cheap price ni compromise with quality ....Nice seller came up nivel packed ...Overall recomienda 
3,Packing is good but slow delivery. When i recieve the item there is abit of chip off from the corner of the tempered glass. Overall good still :)
4,Items well received. Delivery took some time though. Mostly in good condition! Hopefully it sticks well. Thank you seller!
3,The clothes are not from Carter’s. 
1,"Worst Buy! No business ettique. Faulty product, plug exploded which nearly caused fire. Insisted buyer to exchange and no apologies. Bully buyer by insisting her to go down to shop to return product, if not, no refund when the refund has aldy been accepted. Worst experience ever! Never buy from them"
1,"Quite some time to arrive and the wrong item came. Bad quality too. Contacted them but hardly responsive & with autobot messages. A lot of waiting later, I decided to seek help from shopee, got my refund. After a few days suddenly seller ‘offers’ me to request refund. Like what? 🤯🤷🏻‍♀️🤦🏻‍♀️ "
2,took three weeks to arrive and its not worth the wait... sizes are not accurate. 2xl seems like size M
3,Expire date is nov 2020
2,It sticks on your skin after use. Not very good
5,These chips are da bomb! Will purchase again!
3,The quality was decent. Do note that this is not an authentic product. It’s shipped from china.
2,"Delivery ok. Items came in good condition but disappointed. Took a big size bigger but still can't fit me. Too small to call it as a ""XXL"" not recommended. "
5,Well packaged and intact. Received in good order. Thank you
3,Meet my requirement. Cannot fully secure the drawer. Can still open slightly. But it should be ok.
5,"Came in quick
"
3,Worth it for the price. Some minor scratches on the glass. But overall okay la.
4,"it works but a tad noisy and also not very powerful, takes quite awhile to inflate my tyres "
1,"The net not suitable my bathtub; not lever, length also not enough. Delivery took some time"
4,item well recive fast delivery
5,Look good and delivery was fast. Have not stick up yet.
5,Definitely worth the buy! So cute!!!! And reasonable price unlike the ones sold by ig businesses!!!! Very satisfied 👍🏻👍🏻👍🏻
5,Cool cool Cool cool Cool cool Cool cool Cool cool Cool cool Cool cool Cool cool Cool cool Cool cool Cool cool Cool cool Cool cool Cool cool Cool cooCool cool Cool cool l Cool cool Cool cool Cool cool 
2,"Received stock within 10 days. But the phone clip is lose, I can't place my phone probably. How can solve this problem????? "
1,Normally I wear L/XL but I ordered XXL and it’s too small. Sizing is definitely not accurate.
3,So-so..
1,"Missing one led stripes

"
4,"Ordered: 09/05/20
Received: 08/06/20

Item received in good condition..
Material is good.."
4,Delivery took awhile. But overall good!
4,"Good, package received well."
2,Received as per ordered. The fan is a bit noisy but bearable if it's day time. However when it's quiet at night the noise becomes more prominent. There is only 2 height available and it's troublesome to do so. Good thing is the wind is pretty strong even at lowest speed. 
3,Workmanship is not that fantastic. My company gave me one and is better. 
5,Love it. Thks
4,"Yet another delivery in foam box! 
Tested and casing fits perfectly! 
Thank you!"
3,Seems like not very sharp and not able to shave off the brows properly.
3,Not impressed with the quality. The ridges caused by the folds are too wide for cars to run smoothly. Mat makes squeaky noise when you sit/ stand/ walk.
2,Not worth the buy with the material.. moreover the white is not pure white as pic is off white in colour 
2,"Material very thin, even black color also can see thru :("
3,"It honestly didn’t stick to my skin hence when i wear my clothes , it tends to fall out :( "
2,Got this at a flash deal for 99cents. Only 1 pc. Pls get from other sellers who is selling at much lower price without flash deal
3,Quality is okay. Strap is much shorter & bag is smaller than in pictures. Exactly fits a MacBook. 
3,"Delivery was fast. Although not as the 'real' brand, but value for money. "
1,"During order inform seller not to sent wrong size.
2nd time buying and 2nd time sent wrong size again!!!!
Seller cannot understand simple request."
5,Well packaged and delivery notification sent prior to delivery
4,Pretty but didn’t know it was that small ! 
1,Very cheap material. Wordings not printed well & some came off. Not recommended. Package came well wrapped though. 
5,"Nice product.............................
Thanks shopee"
3,Order received but the size was too big for me.. 
4,Too small to my kids but value for money 
1,Poor quality.
3,Shorter then what I tot but material still light not bad 
5,Arrived within a week of ordering! Thanks so much for the quick and accurate delivery service. Product is as described. Value for money!
4,"the bottom is true to size stated, bought a size too big just in case - fast delivery 1 week"
5,"Delivery took 10 days, seller include a sample "
4,"Quite easy to install, able to hold ipad just that it appeared slightly wobbly at the start"
5,"Good quality material, feels like hotel quality"
1,Picture inside is different from the picture on box (the one I ordered). Quite disappointed to receive a different product.
3,Received it early..tried too seems good 
5,Prompt  delivery 
5,"Received product is good conditions! 
Working as well! 
Thank you! "
1,Very very small
2,Great quality but sadly items were Poorly packed. Items came with damaged box. Not recommended unless they really pack this properly for shipping.
3,design is satisfactory
3,Just ok not so strong
3,"Received in good condition by mail but not sure if I applied too little the first time it didn’t work very well for me, will try again. I didn’t like the smell also..."
2,Fast delivery but the quality is not so good. The watermelon logo is not aligned on one of the socks
2,Disappointed item has holes. Ordered 3 items. 2 was ok. 
1,Had high expectations for this. But its frustrating that the plastic cant even be removed.. 
2,Easy broken.
5,lightweight & of average quality but look super pretty! didn't regret buying!!
4,Took a size bigger as recommended but turned out too big. Still can wear but better to get your usual size. 
4,"everything was goof but material was a bit itchy and i had to cut open the button hole by myself. other than that it was a good buy!
"
2,Order received very very late!
5,"Didnt expect to be this slim🤭
Nevertheless will know how many to buy next time"
2,Color is horrible and not true to picture. Which avocado is neon green..delivery time was acceptable and material seems ok. 
2,Items received but one not working properly and no reply from seller on replacement or alternatives.
4,Received with thanks. 66L Box is good for storage of soft toys. 
1,Very bad... open it and saw the liquid all spill out.. will never buy again
3,"Wallet look much bigger than expected. My girl don't like, I also find too big to put in pocket. "
4,"Not bad, gems look real but too big to be believable, clasp system a bit sketchy but overall good value for money "
5,Very comfortable my baby love it
5,"Received item in good condition, fast delivery... Recommended👍🏻"
3,The cut was quite inconsistent and we had some very large pieces and some v tiny pieces and lots of vvv tiny bits of bones that had to be washed down the sink. 
2,order on 14 Dec receive on 20 Dec shipping a bit slow and the price is more expensive then the retail shop.
4,Great clock! Looks really good. Smooth movement and no sound. Only con is the clock 'engine' at the back and the dial face has a bit of moving space in between (left & right). Delivery is extremely fast! Thanks seller!
5,"Ordered on last Friday, received on Tuesday. Fast delivery. Very easy to keep but the mat is very lightweight too. Hope it won't move too much when my boy run on it."
5,Very worth it to buy during flash sale. Ordered the stingray and the portion given is very generous. Very happy with the purchase. 
5,Well received item as advertised. Yet to try but saw many good reviews on it
3,The bedsheet is nice. Ordered twice however errors were made twice. Wrong design given x1 time. Qty short of 1 x1 time. Therefore the three stars. 
3,Delivery could be faster
3,Fast delivery.. received in perfect condition..  so small see nothing 
4,Order took very long to come and Singpost put it in someone else’s mailbox. Item shorter thn expected. Does not fit my shoes. The Grey Shoelace colour is different from the pic. It will be nice if it fits nicely. Will use it for other purpose. 
2,Extremely slow delivery despite being forced to pay for express shipping. Quality not great too. 
5,Items received quickly and in order. Exp 2022. Was given jeju travel kit too. Very happy with the purchase! Thank you! 
3,Ordered XXL and item was like a medium. Very small. 
3,doesn’t work:( sadly it keeps disconnecting every second how
5,fast delivery. all came in right amount. nice seller. thank you
2,Delivery took 2 weeks to arrive.
3,Slow shipping and the lid came dented. 
1,Item is too small and different from what it show
1,No difference from regular towel in terms of drying speed.. 
1,"Very bad material, very weak metal, breaks upon tightening. Buy at your own risk "
4,Very comfortable and the size is just right. But it makes a weird squeaky airy sound. Still a good buy tho. 
5,Looks good and sturdy! Received it quite fast. The card slot seems a bit small
3,"Purple color is darker than photo. Delivery was quite fast, thanks!"
1,Its broken
4,Cracked on the tray itself.
2,"Second time I ordered from this seller, and yet the color I received was grey instead of light blue as stated in the picture. :/ "
2,"                     [SINGTEL] $25 Data Package Top-up/Telco topup/Mobile topup/eload话费充值/电话充值/手机充值,
                     [SINGTEL] $25 Data Package Top-up/Telco topup/Mobile topup/eload话费充值/电话充值/手机充值"
4,Not too bad for the price.. surface is matte for those who interested.. 
2,"Waiting time was 8 days.. and when i scan the qr code for all the masks, this page came up. its fake"
3,"Received but too 'big/long' , needs adjustment before can wear."
1,"Worse ever communication by seller. Don’t bother to reply and after two weeks of non shipping, when I submitted order cancellation, seller update the status to Ninjavan picked up. 
"
1,Can see ip6 is blue. But not ip7+. Can u see the diff? Seller insist ip7+ is anti blue. Is up to u to decide. Can buy ip6. But cannot say abt others other than the 2 mentioned. 
5,Fast delivery but material seems to be very thin but for the price is worth it..  Hopefully it can last long.. Tks seller!! 
2,"Delivery time is considered acceptable to me. Item rec'd in well packed packaging.  However, the  quality doesn't seem good .Size also kinda small to me.  Quite disappointed with it. Price is expensive for such quality. Not sure how durable it is.  Will probably provide more feedbacks after use"
2,Received product in abt 3 weeks. Made of good quality material. A bit pricey to me though. Hope it can be cheaper.
4,"Well packed and received in 7-10 days . Not bad considering covid situation. Color is as shown in the pic and fitting is good. Fabric is thin, so suitable for Singapore weather. Downside is that the product is singly stitched only and it looks weak. Stitching may break after few days. Time will tell"
1,"Ordered 100pcs. A lot of defective hooks among the 98 which arrived. 2 missing pieces. Price is cheap but packaging is bad. Seller should have used a box, not just wrap with bubble wrap and stuff into a thin polymail. Refund for defective hooks made through shopee wallet. "
2,"Good and thick,has a strong chemical smell but still acceptable. However, the mat is made from rubber so when i do workouts on it with my shoe, it rubs against the mat and make noisy friction sounds. Not suitable to do workouts involving movements as the mat will move and not stay still."
2,"Very fast delivery. Not liking this organiser. My flight is tomorrow but the organizer is already broken. Not a good quality. 
You get what you pay for. It's cheap but not a good quality. I think it's one time use only. Lesson learned, if you're a frequent traveller, i guess go for the good one. "
5,recieved the parcel..waiting so long
1,Freaking bad. Not in good condition. The box was damaged until the pop filter broken. Useless seller. Wasted my money.
3,Delivery took a while as it's from china. Not sure if it is authentic. 
5,"Ordered and received in about a week or so.
Both items were shipped in a good packaging.
Material seems good for the price paid.
Have yet to try, will use it when im free later.
Recommended! "
3,"Easy to fix although manual is not in English. Down side, they didn’t provide sufficient screws. "
2,"The delivery was super-fast. However, I only ordered the cheese flavor, the biscuit sticks have somehow shrank and not the usual size that I'm used to and very salty, not sure other types are same.    "
3,"The rubber band is cute, but not sure if the glue is strong enough to hold the eyes / eyeballs. 

Also, I thought I would get 3 pieces as the photo shows 3 pieces; but the seller clarified that it is 1 after I asked. "
1,Worst quality ever
3,"Pork collar shabu shabu
Received orders as scheduled, meat looks fresh, but  thawed and soft, very disappointed"
4,"Save alot of space for me, but very difficult to fix and Sides are flimsy "
5,"Received very fast after order, quality is good and recommended seller."
2,"Cushion is quite sofa not like the picture show to be for chair, softness more suitable as babies pillow."
1,Item wasn't authentic as the QR code unable to verify. Seller doesn't reply message at all
5,Authentic and fast!
1,Cant use it on note 10
2,Delivery took about 2 weeks plus. Mat came in good condition. Size is abit small for adults to use. The mat has got some dust accumulated on it. Better to wash it first before using. Merely satisfied with the product. 
2,The size way too small then stated. Mayb need 2 to 3 size bigger .. 
1,The size is very small. It's not the xxl size. 
2,Delivery arrived early than expected. Some of the corner edge found sharp.
4,Love the lightly salted ones the most!
5,Item came fast and it is in good condition too. However it was folded instead of being straight 
1,"Same product 24/5 order today alreay receive, but 13/5 order one until now still never receive and reply me items sold out need to wait again! 😓"
1,The logo on both sides are not aligned and the stitches on the white logo is crooked so if someone looks closely they can tell lol... And theres a torn as well as shown on photo 2. Sigh... 
4,"Ordered skin colour but received blue !
Sewing thread not bad for the price paid."
1,"Works well but be careful when you are pasting it, hard to get it off

Edit: changing to 1 star, dropped after putting for one night, the tape provided wasn’t that sticky afterall"
2,Music not playing this time for yellow and pink shark.
5,6*9cm card sleeves were able to fit all of my normal sized photocards nicely while 8*12.1cm is a bit bigger than expected but that’s okay because i still love it! will definitely buy more in the future! ☺️
2,Item received but not to my expectation. It is too small
1,"Very bad attitude seller, no room for exchange!

Buy at your own risk! No-Exchange although its not stated on shop rules 

"
1,It's just a piece. There is no way to connect it to an actual antenna.
2,Cutting and size is small. Even though I bought an M which usually I am an S it was also tight at my waist and butt area. Material is ok except the inner part is more a lining than elastic type for sports 
4,"Fast delivery and the item works. However, the packaging could be improved as it was just in a plastic packaging."
2,"Item received today. Damaged box but bubble wrapped nicely. 
Update: Most of the capsules are not filled fully to its content. "
5,Fast delivery and great quality socks. Socks were packed nicely. 
5,Item received with good condition
4,Items came quite fast. They're bigger than expected. Still the items are great
2,"Too Narrow , quite a poor fit ! Im wearing a Size 42 abt size 9US. The width is good only for a size 4-5 US . Too much gap, poor fitting ."
3,"Material is so-so, price bit expensive for price paid but size just nice for kids. Thanks. "
1,Very bad. Strengthless wind.
1,"No picture to show. Actually didny receive but have been too busy, could only look into it now. I didnt receive the items....."
5,Fast delivery within a week. 
5,Material is rough and received in good condition
1,doesnt even look like the picture and got a very strong and smelly smell ! so expensive yet so poor quality
2,Very low quality.. Better don't buy.. 🤬
3,"Received the screen protector. however didn't have all those wet , dry , absorbtion paper.......... "
3,The 2 random games are not from the list stated. One of the 2 random games is R2 😕
1,tried and then due to material tore.. bought 2 both tore..
1,"Many threadings on e entire dress...! Also e logo only half stitched & peeling off...! Material super thin & not elastic, very uncomfortable material to wear as material ‘sticks’ to ur body...! Size on chart no tally with physical dress, it’s like a ‘medium’ size instead of 3XXXL... Not recommended!"
4,"Item received in good condition . Delivery took a while but if you are not in hurry, can afford to wait for a bit. Good price . Recommended "
3,"Fast delivery. The last pic show that the side came out. Manage to fold back in. 
Hope can last. 
Ordered one size bigger and fit just nice. 
Have to double up. "
5,"item received in good condition! have tried it and it feels rly comfy as well. 
"
1,The clip is broken
1,U get what u paid.
5,"Came pretty fast, at least faster than most of my packages. Classy & cheap "
4,Delivery pretty prompt. Item well protected. Tried out cable and it is working fine as claimed. Can buy again.
2,Lack of flexibility. Easily torn. Not recommended.
2,"Hi just received item. Pasted 1 unit onto painted wall. I tried to remove the item to readjust position but I torn the wall. Please let me know how to remove item if I need to readjust position. 
Also cannot used to hold my iPhone 8. "
1,"Bought 3 bottle came super late & received 2 bottle and 1 spoil without the top part and and separate packaging , spoil bottle bubble wrap soap all spill out and other 2 no packaging .. contact seller but seller replied "" ???"" "
2,Not smooth and can only punch thin paper
1,"Ordered a clear one, but did not receive a clear case. Instead, a white case. Very disappointed "
2,"Good buy, delivery took a while to reach. The strap size s is too small for apple watch series 5"
1,"Quite a crappy product unfortunately... bought 3 different sd cards which are costs $30 each,spent about $90 just on sd cards which are now kept in my car and not in use. The camera couldnt detect any cards no matter how many times i tried and whichever card i used. Very bad experience with this cam"
1,"I am not very certain this is the original Aulora sock.. coz it don’t seem to be authentic 
I took more than a week to write this review as after wearing there was no difference to the condition of my feet ."
1,Not functioning well
5,Very delicious.
2,Well packed nice casing but not worth it totally useless can’t even fit onto your teeth very loose. 
1,Fake 
3,The hole too small for e string to pass thru.. else overall simple kids camera.. 
4,Item received in good order with a minor defect to the side sole but acceptable.
4,Quite pretty. Quality not superb but good enough just for casual wear
5,Good value fir for purpose. Got it for my 6 yo son
2,It works but grip wasn’t good.. 
5,Bought 2 sets and quality not bad. Delivery took about 1 week. 
5,"Awesome packaging to protect the palette. I'm pretty satisfied, colours are pigmented, just that I think it would be good if there were more matte colours. There were also stains on the palette that I had to wipe off. But overall other than those flaws this is super cute! Worth it! "
2,Small n power no strong. 
5,Received in a good condition... fast in delivery
1,The packaging was bad - was folded into half upon delivery which damage the product itself. The suction caps that was provided cannot even secure the windscreen windshield properly on the windscreen - drop off after 1 minute. The Daiso $2 windscreen even more long lasting than this one. 
5,"Ordered on 13Jul, received on 14Jul. Like this product. Value for money. Repeated order."
2,"Tottally disapointed, bad shipment, no battery, bad packaging. Its just paper box and spoiler. So disapointed"
1,"Have rcvd both items. 

The lights is a fake. No sensor at all. So pls do not advertise as sensor lights. "
3,"I feel abit confused. I bought a 4XL, but it doesn't look like it."
1,Size was big eventhough size s. Material not good. And order were given wrong. Not recommended. 
5,"Cute dress,  love it "
5,Item delivered as per pic. tested and works well. thanks... 
2,Received not the same model as the picture.
2,Disappointed. Received with the shields all dented at the side n the top. Delivery took abt a week. 
1,Sizing is too small for 3xl .. and the pants has holes where the stitching is ( Not even worn )
3,Product does not work very well with my machines. The coffee is quite thin. Not the same as Starbucks or nespresso capsule it's quite expensive too wont buy again 
5,"Items as advertised
"
4,Good phone but don’t know how to replace the batteries. Well a problem that 1-2 years down the road lol
3,"The whole food container is too small, after adding water it’s really hard to cook. Prefer haidilao option. Regardless extremely fast delivery, thank you "
3,"as u can see, i ordered blue and and purple, but what came is blue and navy"
5,Cheap and good. Delivery is fast.
4,Item is tasty. Glad to be able to try it out at flash sales. Will consider buying again as gifts etc. would be nicer with more strawberries at this price point. 
2,"Package sticker tempered and resealed. Not even close to the real thing, flimsy and cannot fit properly. Regret buying"
2,"Delivery was quick, however product wasn't what i had expected. Light shines through the product and is ugly. Pairing is pretty difficult. Sound quality is ok for the price. Didnt receive any changeable eartips. Reccomend spend a few bucks more to get a Haylou GT1 or something. "
3,The straps are stiffer than previous purchase.Different quality and brand.
1,"This is rubbish , paid $44.17 for all this item !! I requested item to be sent with atleast bubble wrapped! Instead , item sent only in polymailer! Shud give 0 stars!
Will not buy items in bulk again from your shop! Please do something 
"
3,Product delivered is abit dent but still usable
1,Real cheat and want people pay  for a watch that is not a female watch it is a male watch will not order from this store at all 
1,Even tho I got refund I still don’t feel happy. Delivery took very long and now I have missing order. Seller don’t even bother saying something. 
3,"very small, hard to use! not recommended to buy if you are looking to store big plastic bags."
2,"Blouse looks lovely, received in good condition, sewing's not the best but that's fine - my issue is that the cutting is strange and the shoulders are really really narrow =\ Makes your top half unflattering as it stretches at the shoulder and takes the rest with it. Don't recommend tbh. "
1,Material is very thin compared to the one I bought previously from another seller. It is hard to use as material is thin
5,Received within 5 days of order. Products are working well and the fast charging using the USB-C lightning cable is really quick.
5,Many time buy this seller recommended n good product 
5,Very fast delivery! Items received safe and sound.
4,Design is like in photo. Material is not very soft and feels kind of itchy on skin. Overall does the job
5,"Got the voucher a few minutes after paying. But have not gone to redeem yet
"
3,Received with not in good condition although the light are working. Pls see the photo. 😔
1,"Lousy material. Dont even have size tag on the blouse and can despatch as S, M,, L or XL as seller want. Buyer pls read previous review, see how seller respond to buyer review. Dont trust this buyer, buy at your own risk. If seller not going to improve in your service, you will not last long . "
4,Have not tried it yet but was surprised the package was so small. Wonder how long one can last.
3,"Quality is still acceptable, bought two but one was better than the other. Black one has a spot of rust on it."
5,cheap & good quality!
5,produxttt wasss gdddd and fast deliveryyytyy and easy installation 
5,"Bought for my new born nephew. My sister likes it a lot, especially with the mickey mouse theme. "
2,"Ordered on 2Jun, delivered on 17Jun via Singpost, took too long to arrive for local delivery. Brushes are in good condition. "
5,"very soft to touch, yet to try, wash first"
4,"not true to photo
but $3, complain what amirite
the blue one zipper is full black not white and red"
2,"Ordered on 23 June, received on 1 July. The plastic is dented in several spots. The bear is bent too. When worn, the shield is slanted to one side. Wouldn’t recommend to buy. "
1,Nothing was being received. Standard protocols like notification of delivery and signature were ignored. They just simply took e driver word for it. Don't know why shopee has drop the bar so low. Till date nothing was received. Not e first time already. Buyers beware of shopee n their mart. Mfs. 
3,"Not bad for the price, item received in good condition thanks"
3,Quite big for M size. 
5,Light and comfy . Good buy . 
2,"don't buy as gifts. some bottles doesn't have a cap, some are leaking, some are dented, and the print of some bottles have faded off. 
scent is ok, but underwhelming. probably not authentic.
took a while to be shipped out. i had to request for a cancellation then seller finally shipped out my item"
2,"The camera cover protection very loose.
Keep dropping off. "
2,The quality so so. I think will not last too long for it. 
4,"Delivery took pretty long, around 2 weeks or more. Product was alright."
1,"So dissapointed with the service, shipping take a long of time, delivered too, ordered 2 of the blusher but at the end of the day i only received 1 of them, incomplete product. "
5,Fast shipment. Item receive in good condition. Amazingly it works well without effort. Great product and hope it is durable.
4,"Total purchase $40 and $10 voucher reduction, paid $30. Order on 15 Dec and received on 17 Dec. Outer package n inner packets were wet when received, fortunately items are well bubble wrapped so not affected. This seller has standard, generous with freebies. Satisfied with these beautiful items."
3,Didn't know is plastic. Price that pay for. Consider worth it. Hope it last
4,Item in good condition..
3,Ok. Very thin quality. Overall decent for the price paid for the cap.
1,No qualility....spoilted on the 2nd day usage....Try to recharge but it doesnt work at all...purchase from another seller the same item  and $$ much cheaper... qualities function satisfied👍👍
1,"Ordered Rose edition, item not as Photo. Seller is extremely not responsive and unfriendly. Seller claim the product is newer version but should had update the photo as well. Because the smells and size is different! Not recommended seller! "
5,"delivery still ok, haven taste product hope is good. 
"
5,The colour is nice and received items on time😊
1,"Not worth the price, not true to size "
3,Thin and stretchy. I bought XL. Still feels tight. Would have been better if thicker.
1,"Yet to receive after almost 2 months. Buyer will try to drag the time by asking U to wait till the Shopee extension is over, hence, it will become auto completed transaction."
1,Not recommended😥 
4,"Items received fast and in good condition 
"
3,Seller took more than 3 days to ship out the item whiler it stated at the listing 1-3 days
4,I items received nicely packed. But 1pc is a little dented. A little disappointed...
1,Bought 6 items during flash deal and only received 2. Not sure if seller overstated stock or simply didn't want to complete the order due to lower prices. No explanation given. Will not recommend at all. =(
5,"Item received as described,fast delivery and ordered more.Hopefully it can come soon too"
4,"Received after 14days on the date of purchased. Mixer is very pretty, but there’s a dent on the top and the inside of the bowl, is acceptable. Speed level 1 is very powerful, and quite noisy too. Overall, is worth the money🙂"
4,wow ! for $10 its really worth it works same with those $100 haha maybe not silky hair but it straightens !! amazing !! happy buy BUT it doesn't close well when put tgt.
4,"Box came in absolutely shit condition, but the product was fine. Please pack them properly next time."
2,"Upper material is thin, lower is rough. The pedal doesn’t look as nice as it is. Overall can’t expect much given to the prices paid. "
4,"Mirco usb cable missing, message the seller however no reply. Small issue but overall still ok "
2,I done alot of uv sticking but this time there are bubbles after 8hours. The phone was not used or touched for that 8hours. Very disappointed.
4,item slightly smaller than expected but it fits just fine. material on the inside is abit rough but i guess it’ll be okay after a few washes. 
2,took quite long to receive but yet to try it.. will try soon. overall ok.
4,accurate to picture and sizing fits! my only concern is that it's quite thin but apart from that it's not bad!! 
1,Did not even get my product
4,2nd buy. Good quality. 
3,"Ok, worth the money."
5,Was a bit folded when received. zip is working well and design is very cute. Very cheap price on 9.9 with free shipping 
3,"Super fast delivery - ordered on 16/4, delivered on 18/4. The seller didnt have the size i wanted so she text me for alternative which was gd.

What i didnt like is the shoe looks like has either been worn before or been in storage for quite some time. See picture for more details. And I paid $16!"
5,"Order received as expected, works after rubbing awhile but pretty small sponge. "
2,Green does not look the same 
4,"Overall look is good.
Material & feel wise could be more sturdy.
Design wise the minimal height could be shorter.
"
5,Item received in good condition .Yet to use 
4,too small for my hips
1,"It has very obvious scratches and seller refused to exchange, they would rather refund me $2 which I did not accept. Very unpleased with it honestly. "
2,Not sweet at all 
3,The finishing of the pieces of boards is quite nice.  But we had two pieces of boards which were cut too short.  We ended up improvising and not having a drawer. 
2,"Delivery was pretty fast. Quality of the sound is not that great, but is easy to use and connect. 
Edit: pink one works fine, but the black one can’t be switched on AT ALL no matter how long I charged. The casing lights up, but the earphone itself has no light, and no response at all."
2,"The sowing is very off, one side is higher than the other which looks really weird."
4,the item was nicely packed.  thanks seller
4,Previous purchase seems more rigid and durable. 
5,Item material is slightly thin but suitable for spore weather. Intended for home wear. Nicely sewn on logo with pockets. Worth the buy definitely! Cutting slightly smaller than expected but still wearable.
2,2 patterns are smaller then the rest. I ordered all in size XXL but comes in 3 XXL and 2 in M size. Quite disappointed. Quality not so good.
2,The packaging box was damaged when received. But the product was ok. There is no product seal on the packaging and the secure QR code was not working to ensure the originality of the product. So have doubt if it is authentic. 
2,Order XL but is like S size ...
3,"Wifey bought size 26 as always and it was smaller than expected, delivery is quick though. Decided to give it away. "
4,Complete set...yet to try...looks good.
4,"Power is button press instead. Not turning knob as shown in listing.
Working fine though"
4,Pretty satisfied for the price - except it came with 2 little black spots on top that can’t be removed. Fit and feel are both ok. 
5,"Fast delivery 
Bundle discount very good deal
Not yet try
..."
2,Product is of low quality... Fingerprint everywhere. 
4,Items took about 2.5 weeks to reach me. Do not actually like the socks because of its cutting. Cant complain as its inexpensive.
4,Easy to assemble but a bit shaken. Looks good 
1,Trying to cheat or what. Received only 49 pcs after checking twice. Paid for $39.90. Bad 
4,Item is working as per description 👍
4,For its price it’s pretty okay 
3,material is good for price paid. but somehow its not fitting. Its slighlt translucent so body con needed. 
4,"Fun to play with
At first, but spoil quite easily esp if the kids do not handle with care."
4,"Receid in good condition. Material is thin and comfortable, but need to air awhile to let the material smell go away.
Delivery took about 2 weeks.
Bought at 99c during flash sale.
Thank you seller n delivery. "
1,"1. Delivery Time - 5/5, 8days to deliver
2. Delivery Quality - 1/5, Poor handling, box was dented but the controller was not damaged
3. Shipper response - 3/5, reply within 1-2 days
4. Product - 1/5, difficult to configure on android, ios and pc"
4,received item ..size just fit well .. no box 
1,It's not even the same as the photo. It's not long sleeve.. this is scam. 
2,Not received the free gift ! Very disappointed !!!!
4,Took 3 weeks to arrive. Not easy to use.
1,Totall not sticky. Just a rubber. Cannot hold handphone which suppose.) 
3,Material not as soft but price is ok
3,"Worth for the price, won't get it at its usual price given its quality."
4,Good but small
1,Too small opening for toothpaste 
2,"Too small and too tight for adults
Maybe for kids is better
"
2,"Item not very good material, seems may not last. There are other better options at the same price. Prompt delivery."
2,order 4 but deliver only 3pcs. msg the seller but they thank me instead of rectifying the issue. oh wth. 
2,It came bubble wrapped but visible scratch on lens 
5,Received the item very quickly. Item is of good quality. Would purchase from seller again
2,"The delivery guy was very rude
"
5,Perfect packing and delivery...... 
2,One side not wking wtf
1,I received the items but I order XXL but I received Small material soft but very thin I can't use at all. Very disappointed with the quality and size. Thanks anyway for sending the items. 
3,Parcel was missing during to issues with Ninja van which was resolved internally.
2,Print is faint and one of the pin bent 
4,A bit shaky and not stable especially the one without bottom shelf. A bit scratch can be seen but not a big issue. 
4,Rating of 4 stars is due to the lengthy local delivery time..
5,Love this but I wish I had gotten the yellow one. Might repurchase :) I’m a B75. This piece is in size M.
1,"Pressure not strong
Leaking from all sides
Have 3 modes but the same"
1,Extremely unresponsive seller!
5,Perfectly delivered without smashing the film will buy more!!
3,Kids comment the mask is smelly ....
3,"A little too dry. Should add in more waterchest nut 
"
1,Shipping took longer than stated (even extended the shopee guarantee) which was understandable due to the current situation but still ended up not receiving the item at all even though it was insisted that the item was shipped. 
2,"Receive in good condition however it doesn’t come with the charging cable. My friend who bought the xiaomi earbuds from the official store located at Vivo told me that it should have a charging cable inside the box. However, shopee Xiaomi doesn’t provide a charging cable.
"
3,"Order received after 3 working days. A bit disappointed that the box came quite dented, won’t be suitable if you’re giving to others. Told seller about it but no response. Poor customer service 😕 "
4,Received in 11 days. Looks different from picture. The shade of pink IRL looks really childish and kiddy while the picture looks more mature. Material is uncomfortable. Stitching not good. 
1,Ordered another design but seller sent another design. Message seller but no respond . 
2,Material does not match pricing of SGD 1.8 and items hv many visible scratches 
2,没有想象中的好看
5,"Donno my how many times purchase, no wear and tear even at the thigh when rubbing."
4,"The pads are alright, don't have a very strong hold but acceptable for the price "
5,"texture of lipsticks are soft, 
very smooth when applied 
 ordered on 27 april 
received on 6 may 
seller is reliable & happy with my items!
"
5,"Received code within 5min through sms.
Will buy again in future!"
4,"Items were received very quickly! Even though they were bubble-wrapped, all the boxes had dents here and there."
5,This is cheaper here with coupon. It really works the filter turn brown. 
2,"The table is slanted, wheel is not moving smoothly. 
Second item sent is of wrong size. Given discount buying something not of the size not what i want. Should improve quality check and full refund of items that is sent wrongly. Need improvement. Better wheel will make much difference"
2,"All I shall say is that when I got the t-shirt I noticed a number of anomalies, including labels and tags that were not present and which you would expect on a genuine UA product. The colour was also not the colour I ordered. "
5,2nd order. Like the item very much. Useful. 
4,Delivery was somewhat on time...... items delivered as per description...... driver was nice and polite..... overall good impression. Worthy purchase... will buy again soon
2,"Didn't take too long to arrive and received in proper condition. Disappointingly, the tee looks nothing like the picture, the sleeve is much shorter. Cloth material is thin and doesn't feel comfy. "
4,Pricing is good but material a bit thin. Hope it dont break easily 
3,received it but quality of lashes seems very different from the pics n the lashes looks distorted. except for 6D-020 looks ok...the other two types...i dunno whether to use it on clients or not.
4,Cheap price. Strap is a bit short.
3,"All the cups are dented when received. Ate the noodles, not very nice."
1,Really slow delivery and badly damaged for this item. Bought so many but 3 week and still haven't receive 
4,"Fast delivery and product is exactly as listed. 

Used a few times before the internal threads started getting in the way of my finger nails. Will buy again. "
3,"Delivery took awhile, order on 13 May only received it today. The thermometer have a dot and some scratches on the screen however tested the temperature and is working. "
1,i think something is wrong with the kettle it takes up to 7 minutes to boil and sometimes there's sound sometimes there's no sound
4,item received promptly from the seller and overall ok for the price. yet to use
5,Hope this product can lighten my scars.
5,Looks good. Arrived in perfect condition. Can clear up some space.
1,Bad fitting with wrong measurement at hip as compared to another seller. No response from seller on the fitting. Better to buy from other seller who gives accurate measurement. 
3,Material too thin . 
1,Disappointed after tried for several days. Water droplets keep coming out even with one nozzle . 
1,Material very tin. I am not sure if want to wear it
3,Smells nice but thin. Crispy but prefer thicker and more fragrant. 
2,"Received in good condition. The stick is a little filmsy. Did not receive the remote control shutter. 
"
2,I asked for size L for all 3 colours.. received 3 different sizes instead. 
5,Product received in good condition. Hair clip is very nice and it sparkles! Thumbs up! Will buy again.
1,Unpleasant experience. Seller mailed the item via singpost and Unfortunately there's a shortage in the postage and i had to collect myself at the post office and pay $1.80 to get my item. Informed seller and requested for a refund for the $1.80 however seller was online but didnt bother to response.
1,very thin. not sure can last or not. 
4,"Easy to assemble, clear instructions. A bit small for my big cat, will be very fun for smaller cats and kittens."
4,very good. haven't had a chance to try the weights out but the quality seems alright
2,Item was dent when arrived
1,"after hand wash there are some thread/polyester coming out. 
"
2,"Is waterproof material, so comfort may not be as good as cotton. Color wise is good and bright"
3,Item well received. Material quite thin. Size is way smaller than expected.
5,Fast delivery with great quality
1,Received empty package. Hmm. Seller gave voucher though..
2,Poor quality. Rope has lots of fraying 
1,Item came in a bad shape. Material is very very cheapo and flimsy. Plastic is way too thin. I expected better. Highly not recommended. 
2,The water cannot fill more inside. And the shop not really respond on the msg
4,comes with a kind of weird smell but quality is pretty good for the price 
5,thank you for the service that is very satisfying the feeling of wanting to always shop in your shop not long delivery of goods is very satisfying
5,Awesome product will buy again if only they still have the black color
1,Cannot charge . 
4,"For this price, the sound quality is not bad. 

"
2,quite dissatisfied.  poor packing. only 10 received.
5,This is my second order. And this time I ordered 2. Cos they work very well. Less washing of bathroom mats = less water and detergent = better for the environment. I highly recommend 
2,Too slippery 
2,The card holder to small 
1,"Ordered rose gold but red came instead. Went to check the listing again, realized the rose gold option has been changed to rose red but my order details still said rose gold. Please display the correct options. Wouldn’t have chose the so-called “rose gold” if info has been displayed accurately"
2,Too expensive when including shipping fee.
4,The clip didnt expect so small.. but still value for money
5,"Received the items in 12 days, which I think is acceptable. Material feels smooth. "
3,1 side of the leg cannot clip. Keep falling out
5,The material is good. Stretchable and comfortable. Delivery is fast.
3,great buy though quite sheer for the material. would suggest to wear an inner lining inside to prevent any showing of skin
5,so cute😂
1,Thank you. Well receive with thanks. Product not same as advertised. 
1,"Disappointed with the real, different with the pictures"
1,"twice i requested for a receipt, absolutely no response. Bad servicve
"
1,"Lousy, just normal high waist panties. No effect on reducing tummy as not tight enough."
4,Sound a bit weak and distorted. 
3,"Quality is not as per expected. Non streatcable, rough. Fast delivery."
3,Hopefully useful 
3,the 2 measuring cups came in a box that said silver water jug.  upon opening up the packaging found the 2 measuring cups which are glass.  i guess the vendor could only find an alternative packaging and not one that was Scheid Becker.
1,"Bought and came pretty fast. However, i bought it to cool my cabinet power supplies. The 2 units died on me within 1 week. Does it has a running capacity of only 100hrs?"
2,The size is very small. My feet size is US 8.5. Unacceptable if it states men socks. 
3,Product is good but the only downside is that it is veryyy hard to remove even with make up remover. 
2,"Ordered for my gal, wrong size given, asked for 86-92, got 74-80 about one week, haven’t tried yet. Hope can last long"
3,"thought it would be bigger but thats ok! clasp is very secure, the bottom is a little loose, hoping itll be fine :)

edit: 
1 side clasp is rlly loose & it makes a super annoying sound"
5,Received the goods and well packed.
1,So fast tear. but what to expect at this price.
1,Delivery was extremely long. Have not try it yet and hope it’s all worth the wait
3,item arrived as describe
4,"Thin but value for money product quality button holes to be cut yourself
"
2,Didnt receive until now
5,Tape was packed in bubble wrap. Delivery was fast! In time to put up my cny decoration. 
1,i placed an order for two bottles but i only received one 
4,"Product arrived quickly, about one week after the purchase. Colors and the brush were in good condition, but the box was dented. "
4,ordered on 26th May and recd on 2nd june.  sound is loud and difficult to close the cover..having say that at this price it's still a good buy.
3,Ok for the price. Seems like quite watery compare to those shoe glue
2,The nails have colours. The glue really bites on to skin. I dont know if it is really healthy for the nails and surrounding skin.
3,Buttons not the same. Disappointed but overall ok........
1,Bought 2 from this seller but one of the lipsticks has expired! Mfd is 2017 Feb and this lipstick can only last for 3 years! Pls beware if you are buying this!!!!
1,Item came in good condition but not as seen in picture..the bra needs to unbuckle the clip den can insert in the pump funnel..
2,I've received the clothes but stitches of pant are proper as pant got torn immediately.  
4,Delivery took slightly longer but considering the situation not much complain. Seller packed it in a layer of bubble wrapping and gave samples too. 
3,"I selected the dark pink option, received the light pink one and the keychain doesn’t even match the AirPods case. But still fulfills its purpose. "
5,Fast delivery and nicely packed with paperbag. Received my tarts the next day. 
1,"Item looked similar to the picture. However, delivery time took longer than average. The pop-socket itself wasn’t sturdy and ended up breaking apart within 3 days of usage. Could not handle general wear and tear. Utterly disappointed and would not repurchase as it couldn’t serve its main function."
4,"item received all in order,  well packed"
1,Size small and quality not good
1,"No air in the bag ,packaging damaged 
Seems like the chips are all crushed.. "
4,Ok baterry performance not sustain..only 8 hrs...other then all ok...
1,order send wrongly informed seller but seller dont care..useless!
2,"Items received without any proper packing, not bubble wrapped, not in a box, no extra protection. 1 item broke upon receiving,remaining 3 didn't break. Seller should wrap properly to ensure fragile items wouldn't break. 
Seller refunded for broken piece. "
3,"Size is smaller than other brands, otherwise it's okay to use"
4,Received in good conditioned
4,"Ordered on 9/4 and received on 20/4.
Material is not as good as those bought from other shopee sellers. Colour of pants are different.
Seller please consider changing the photos or indicate in the product description for buyers to note."
5,the yellow one was oos so i had to choose the white one and give it a try. cutting was actually slightly small. those with heavy bottoms might want to reconsider. 
4,Looks good! Yet to try it. Well packed so the packets was still intact when delivered.
2,"the romper is too small and not true to photographed. the proportion is kinda weird too! Perhaps of my height, I’m around 168cm "
5,Received items promptly n in good condition!! Nice n comfortable!! Thanks 
3,"QC not good, item received with bad connector construction"
4,"Book quality not bad, colorful & good to use to teach kid on anger."
3,The bubble become watery easier after in put on my hair not sure why i
4,washi tapes received in good condition!! the roll was smaller than expected and doesn’t look very sticky but definitely still worth for the price point
2,Actually not useful.
2,This is how it was packed and delivered.  My neighbourhood store does better than this
1,Spoilt after using one time
3,Cannot fit my piyo piyo bicycle
4,The masks fits my 7 year old child but too small for my 10 year old child. Mask includes 2 filters. Happy with the quality in general.
3,Took way too long just to ship out the item. 
4,Item received in good condition. Fast delivery..my son love it
3,Not sturdy. Couldnt support the weight of two bath towel. 
4,"Colour is different from pic, material is not stretchable and sizing is more to S size but overall it’s a good buy. Worth it and recommend.. Thank you, seller!"
1,"The T-shirt is heavy and a bit narrow at the armpit area. For the price, cannot expect quality like authentic UA product. Disappointed that Seller shipped the wrong model but not willing to refund full amount nor accept a return. Stuck with a T-shirt that nobody wants."
2,"Thank you seller , bought from flash deals is worth it , but came with one of the bottles leaked out badly . Hope can take note next time . Thank you . "
5,Great product! Much cheaper than buying locally. Took 2 weeks to arrive!
3,Small cutting. Upsize if your baby is big sized 
5,Super fast delivery.Thank you seller.
4,Delivery took some time to arrive. Item was packed nicely and the quality is good for the price paid 
4,Receive in gd condition. Overall is ok.
1,case doesnt fit and doesnt even close on its own
4,"Hood gets in the way of the effect. Shipping took awhile but understandable in today's times. Material, color and fitting is good though, for L size."
5,Impressed with the delivery. Came within 24hrs. 
4,Items well recieved! 
4,"Material and quality are good. Reusable. Wash over with body shampoo, not soak as will spoil its adhesive. Suitable for cup B and below. "
1,My white shorts came with a black spot that can’t be washed off. 😡
3,The avocado dangles is heavy
4,Bought coz I'm a manu fan. Ggmu! Nice mask. But seller service not so good. 
3,"2nd time ordering (batch 1) and both times, Hokkien ones no dried shrimps... meat this time round for both Hokkien n Salted Egg are very little, too much of rice n kinda blend.. kinda disappointing 😕 "
1,Thin material 
4,Strap looks good. But the size is too big. Do not cater to smaller wrist. Seems like it is M L size. Will need to punch holes to after to my size. 
4,I ordered 4 items in different colors. Overall look of bralettes are nice. Though 1 of the item has hole damage. 
3,Boxes are dented.
4,Quality so so but the price is ok
3,It’s good.
2,"Cheaper than retail. Ordered on 17 April received item only on 1 May (longer than my overseas orders). Encountered collection problem like other buyers during this period, contacted seller but never reply. Thanks ninja van personnel for the delivery. "
1,"Low quality fake item that is being sold here. Learnt my lesson, JBL can never be so cheap. "
5,very safe package. 
5,Highly recommended. Prompt delivery. 
3,Fast delivery but items received are different in colours from photos. 
5,Received the goods in excellent condition. Nicely packed.
3,"Quality of clothes good for it's price and delivery is pretty fast .
However , seller has terrible customer service ."
3,"Item took awhile to come and is not made of really good material, still acceptable for short term usage "
2,"Not the same colour i recive,wanted it in black"
2,the colour didnt turn out like picture. it just transparent plus glitter.. 
2,"Grab cheaper then grab car , 😞😞😞,I will buy grab next time ......🙁"
2,Material of the mask is thin and not stretchable. Not worth the amount paid. Can get a better quality mask with this selling price. 
4,"The deal was good, staff all good service, redemption was smooth. Everything good, but feel that hygiene level can be improved more"
3,4xl like 3xl.. 
4,Does not really fit the sofa nicely like the pictures... but still gets the job done to cover the sofa
2,"Most of them came damaged in some form or another. since it's meant to be stuck into a wall, the bent edges and backings make them useless. Better packaging should be used!
"
4,"Minor issue but the corners of the books were a little chipped although it came in a thick bubble wrap. I had the illustration book (?) with a couple of cards of the different weapons but was missing the photocards that some other buyers had. Regardless, am pleased with the goods."
4,"Item works well, sound its clear but hope it will last. Service from the seller was very prompt as well. Thank u. "
2,Bought slightly bigger pants in case the cutting is small. Tried a few times and the pants get wet and the pee leaks easily. Material is so-so and does not feel like 6-layers. The thighs holes are also not elastic at all. But first time trying such pants so not sure if it's supposed to be like that 
4,Did not count if there are a 100pc . Looks ok
4,"Though my bra strap is narrower, it still fits in nicely with the 2-hook. "
5,Works on my 3ds. Comes in nice sturdy box 
3,Wrong Color sent. 
2,"Lousy quality. Poor stitching, one side high and another side low. It’s stinks too. Cheap but inferior quality no point "
3,"been using for slightly more than a week, heard it snapped once.. delivery took awhile.. getting it to work was problematic, had to try a few adaptors.. "
2,Got small hole and the adidas wording on the shoe faded.
3,quite comfortable and cooling. 
1,"Sucks
Worst product ever "
3,Yet to put it up... hope tat it’s gd.. waited for quite some time
4,Received in condition. Did not expect to be so small shall give it a try!
5,Material is good no regret. Well pack. Fast Delivery.  Thank you Seller. 
1,Controller faulty. Not center aligned. 
5,Quite fast delivery and value for money! 
2,"Thanks seller, but honestly it doesn't feels like polyester tho, it's quite itchy when I wear it. The material isn't what I expected and it's poorer than the one I bought previously frm other sellers. Please improve the material! "
5,Ty seller.. Gd deal n fast delivery thumb up👍🏼👍🏼
4,Delivery took about a week which is quite fast. However the album came with a dent despite being bubble wrapped 
5,As described. Received with no leaking bottles. Perhaps i'm lucky.
2,Received quite quickly but note that manufacture date seems to be 2018. Almost 2 years have passed. Hope it’s still drinkable. 
1,"Cards were abit scratched up and blur, was missing some cards too. :("
4,"和预期相符，手感很好！（还有小礼物，惊喜丫）还没使用不知粘度好不好。。。
As expected, nice touch! (and small gifts, surprise ya) has not been used do not know viscosity good..."
4,Not bad. Does come with the one pack of silica gel. Some scratches here and there on the box. 
5,Items received in good condition. Seller included a free pen in the package. Definitely will order again once the chairs socks lost their elasticity. 
5,"Received in mailbox 2 weeks, nicely individual packed in pkg 👍🏻 very cheap than buy in shops. "
2,"Item recieve...quality okok.
Bag a bit dirty when I open it... 
Overall OK.   What u pay is what u get..."
3,The puff was torn and the powder leaks from the seams.
1,Shipping was fast. That's the Only good thing I can say.... Bought 2 and it was so difficult to apply that both ended up in my thrash. Don't bother. 
4,The phone is in great condition.. Sadly the description aren't matching with the picture.. No free gift given.. 
3,Didn't expect it to be so thin and does not hold the weight of my hair.. but for the price I guess its okay.. 
3,Some paints chipped at the bottom of the power bank!
4,Carpet is thin and would have felt better to walk on if it was thicker. Otherwise quality is acceptable for the price. Colours are lovely and texture is soft and smooth.
4,Box came dented.. Not presentable as a gift 
4,Delivery was fast. Abit sad that the package was folded in half. Causing a crease on the sticker itself. 
3,"didn't do anything in terms of colouring my unbleached black hair, but smells really good and made my hair soft!"
4,"Cheap, thin and low quality. Best to buy from in store to know how it actually looks and feel."
2,Material is thin. Colour and logo /design is good. 
3,Delivery took like 2 weeks or so ... quality was decent ...
1,no charging light while changing.  So not able to know if it is charged or not.  sound quality also no good. 
4,Items has been received. Thank you seller and delivery man.
4,Receive item as describe but have not try yet. Packaging is well
5,"Very fast shipping, thank you"
1,"I did not receive the pink bracelet that I paid for . Instead, seller sent a dull white bracelet with many scratches on it. Yet seller refused to allow return or refund. Buyer beware!!"
4,"The waistband is a string much preferred if it was a rubberband. Other than that all in order love the material, design and colour."
3,well packaged with the bag! however the bands broke very easily tho
1,material Too thin 
1,damn poor slow shipping and delivery speed. items are too tiny small not for kids more like suit infant baby haiz u guys really 
4,The shirt is supposed to fit S-L but its strecthed up to M only
3,Box containing the masks is crumpled but doesnt affect the masks
5,Item received as described!!!!!!!!!!!!!!!!!!!!!!!!!!!
3,"Bought on behalf of friend. His review - some interferences or sound not clear while outside or driving.

Bought during promotion. Value for dollar."
1,The screen protector does NOT have a paperlike surface. It's just a basic matt and smooth surface.   Very disappointed. 
2,Rubber smell quite strong. But what you pay for is what you get..
1,I did not receive. The agent not helping at all.  Waste my money.  The j & t express delivery did not send me msg on 11 June for out of delivery and they send the msg on 21 June Sunday afternoon. The j & t express delivery had many bad reviews and that time I received item had been open😡 
5,"not bad, quality seems ok. medium thickness"
5,"Order for friend as a gift, didn’t expected it to be delivered Super fast! My friend was very happy and liked the air fryer so much. Thank you so much for your service! Recommended to buy from this seller 👍🏻"
3,There is no nothing or what to peal off like sticker
3,Is it me or is it no longer as tasty and addictive?
3,"Received in good condition (with bubble wrapped envelope) 

Includes carrying case as well. 

However not sure why sometimes the headphones doesn't get detected after awhile. 

Also noticed that the right side earbud sound may not be on equal volume as compared to the left.
"
4,"Item well received in good condition.
and good quality."
1,Sizes all totally wrong. 
5,Great and easy to set up! It’s not super heavy so it’s easy to manage. Good for some extra hanging space 
1,"Not working well , buttons doesn’t work properly "
3,"not as worth it .. can’t really see the difference when put in use. as seen from photos , the item arrived in that condition however the product is not damaged "
2,tried them on once and took them off. super painful peeling them off?! izzit just me?! omg
1,"Product not received

Feeling disappointed "
5,Ordered on 13th and received on 19th. Well packaged with minimal yet sufficient wrapping. Happy to receive my products correctly. Thank you!
5,"item had rly good material, item was packed nicely!! will buy again :-) "
2,"Bad packaging, no instructions. 😕"
4,Good quality n same as shown by the photos. Quite big for my grand son. 
1,order item and delivered item big different 
3,Does not show any difference. Tummy can still be seen......
5,Good material for the price paid and the rudder in it is good 
5,"Good quality products. And very value for money, will recommend "
1,Received a damaged product. Bottle is leaking. Told seller about. No response even after reading my message. Bad bad
3,Handmade quality isn't as i expected. Mediocre work.
4,Order received in good condition. Product nicely wrapped with bubble wrap. Correct products delivered. Sadly no free samples given. 
5,Looks nice but cannot wear bra don't have cups. Panty I like it.
4,Fast delivery and material look pretty decent. Girlfriend doesn’t know how to use it thou. So the thing kept dropping off. 
5,Great addition to the house. A bit ex but I’m Glad I bought it. 
1,"Took more than 1 month to deliver and was not highlighted in the ad. When ask for update, keep saying coming and no expected delivery date was given. Bad experience. I hope not to give any stars but system do not allow"
4,Doesn't look black to me. Got a dark brown one. OK lah.
2,Lousy quality. Not recommended to buy. 
5,Shipping was fast and earpiece is good and cheap. Highly recommended
5,package received early and in good condition.
3,You get what you pay for
2,"Delivery was pretty quick considering the CircuitBreaker. But the item is pretty flimsy and not sturdy. Despite all the adjusting, it still feels like it might fall over easily. One good thing is the holder can pull apart wide enough to accommodate an ipad."
5,Item received in good condition. Delivery took about 15days. 
1,Ordered 4pcs bath towel. Seller delivered 1 piece without the cloth tag & paper tag for yellow piece. Didn't apologise or take responsible on this. Just said his worker forgot to put the paper tag. Then what about cloth tag that was cut off?! No explanation given. Never reply me missing cloth tag.
3,Delivery is slightly slow
1,the colour on the stickers and the tapes were faded.. totally disappointed and unusable 
5,Took very long to receive. But it was nice. Tks seller. Received well package..
2,So so taste
4,"Hi,  received in good condition.  Size seems bigger than listed.  Also,  didn't receive the keychain though seller mentioned that it was sent lol.  

Will order a smaller size next time. "
3, Not really that effective
1,Send me wrong color
2,slow charging after a few use& might not be able to charged sometime
1,not nice ... ridiculously small .
3,"There are NO convenient buttons (2 buttons) on top left shoulder as shown in shop pictures. If baby's head is bigger than current cutting, there gone the shirt where it couldn't be worn anymore. :("
3,"Fast delivery and Receive the item well. However, the wipe provided is dirty. When open got dirty black dots so just throw away. 
And not sure what happen will have a line bubble after paste it to phone nicely. 

Overall, not that bad to purchase with this reasonable price. "
3,"Material is quite soft but the opening of the chest is abit too big for kids 
"
5,Item is true to picture given. Have to tried it yet so unsure if it will last.
2,Not very  good to use the wind not very cold 
1,"Fake! Rubbish do not buy. The current is definitely very less than 2A and power ratings not enough to operate my massager device properly
. "
2,"Received good condition, but the size too small n the size not match with I order"
3,Bought a few things from this seller thinking it was cheap. But came mostly in 'mini' size about the same as my thumb! 
4,"The fabric used for the pink, grey and light blue pieces are soft and cooling but the black one is coarse and prickly on the skin."
4,Really tiny
3,"material a little rough
thanks "
2,"Was expecting a better phone. This note 9 always stuck when I am using the phone. I tried pressing back and home but invalid. Even tried to power off the phone always when stuck but can't do anything, it simply doesn't move. Stuck on the page around 2-3 times a day. CameraPhoto seems dark when focus"
3,The frames are wide and loose for me. Packing is excellent with bubble pack . Bought 2 to check the degree. Price is affordable. Hope they have smaller frames. 
4,"Item came in good condition. Super light, breathable as well. Item is pretty decent for that price. "
2,Too big for normal parrot cages
2,Doesnt fit well w my hairdryer but will make do 
4,Much smaller then I expected but overall ok
5,Item received with good condition! Thx 
3,Hopefully it past will be testing out
2,No box and comes in bubble wrap. Scratch marks on the surface 
3,Material feels thick & absorbant :) 
1,"Received in very good condition
But sensor is not working."
3,"Wrong size given. Ordered 36-37
But received 35. Seller didn’t replace "
1,Received item and fast delivery. Very disappointed that the item are so dirty and some have mark on it. Won’t visit this stall again
1,quality bad like raincoat material. size chart is wrong too
4,"Arrived and installed it, but unfortunately it cracked when I screw the bottom(pic1). But satisfied with the looks and simplicity."
3,Receive soon but disappointed. The front water outlet is not the same show on picture and not the one I want. The left is show from seller and the right is what I received. 
4,Came like this I dk what's this suppose to mean but oh well it's cheap
5,Fast delivery and price is cheap. Will place order again next time 
1,Didn't generate any sales 
4,"Easy to fix on. Some edges doesn’t seem to fully stick on though, need to smooth it out more. "
2,"Quality isn't really good. It doesn't fit well to type C port, weird."
4,Size is great..heats up really well..the plastic looks like of good quality..only complaint is there’s no alert when food is ready. 
4,Wasn’t quite as expected.. kinda cheap but ok
1,It arrived in that condition. Disappointed 
1,Tablet is faulty upon opening and testing. i did not buy faulty product. Still awaiting for refund. Will chase my refund till end of time. Ass Service.
4,Size is a bit small. But cheap and comfortable. 
5,Item received in order and looked original. Great quality
4,Order black but came silver ...
5,Very fast delivery & good quality 
1,GAVE ME THE WRONG PANTS!!! would give 0 stars if i can. The sizing is also very small
3,Item well packed.  Quality reasonable.
3,"Colour not true to pic, looks more tacky and needs a bit of shaving to size down"
3,"Suction is not good..only after a day the holder kept falling.

"
2,Total order 6. Boxes was damage and the 3 of the USB wire not working and one of the speaker spoil 
2,"waited for 3 weeks plus knowing it's a preorder item. Received in well bubble wrapped box but some part of the brush is bend, and scratches found on the holder. feedback to seller but no response. item seems working, quite noisy,  hopefully can last longer."
4,"design is nice same as on the photo but the material of the blouse i think is spandex not cotton.,the shorts runs smaller than the blouse.,take 1 to 2 size up if youll order.over all still good buy"
5,Our 2nd purchase within 1 week. Pie received in perfect condition. Arrived juz in time for tea-break.
1,"not what i expected, shirt not in good quality and print is v hard and fake, would not buy again"
5,so lovely and good quality
4,"Material was not what I expected wasn’t as stretchy and comfortable as I thought. Lucky able to wear, perhaps will be different kind of style if I wear go work."
2,A LITTLE TO SMALL FOR MY NORMAL ADULT MASK.
1,Size L but its so small that is like size xs
5,Material is thin but not see-thru. Good for SG weather. Size accurate. Looks nicer in pic then it actually is. Still not too bad. Can buy.
1,Received a different design. At first seller denied having the design that I received and then seller said shipping cost will be high. It wasn't my mistake in the 1st place. Until now seller did not reply. Shoppee team also did nothing for my replacement request. Now no choice just have to use 
4,Item arrived ok. Fast delivery. Just that was disappointed that other items that came together with this seller was damaged.
3,Quality okay for the price 
5,"Bean paste colour push up 5L bra is comfortable. Will buy a 4L to try out
Blue lacy bra shoulder straps too short for a 5L size bra, better if longer. Strap around chest too short, better if longer for 5L size. Delivered in good packaging. Am happy"
5,"Items received. Quality is good as usual, printing is great, delivery is fast."
1,"The 3M tapes are completely not adhesive any more. Couldn't use any of the clips in this pack. It wasn't stated anywhere by Self-fix that these are damaged goods. The pack is 5 years old, manufactured in 2016. "
2,The material is good... but the sizes are all too smalll.... size m and size 2xl e difference is only but 3cm.... 
4,"Delivery was fast despite the CNY period. However the design and colour of the item is not as what i expected. The red is quite dull though. BUT again, for the price paid its fine. Durability is good too. Thanks seller."
5,Slow delivery probably due to the currently virus. Order on 15 Mar and arrive on 1 Apr. Have yet to use but item’s quality feels not bad! 
5,Will be nice to hang in in your room. I overlook it. Wanted to put it in the car but abit too big. Overall its very nice
5,"Matching leash with matching harness 
Leash have bubbled sponge handle, great for walking bigger dogs "
2,"The items was received promptly. However was disappointed to receive a dent in 1 of the cans. First timer, have yet to try the products. "
1,"Order on 31/1 but only receive it today (20/1)
Claim to be in stock and delivery takes 24 to 48 hrs but I waited more than 2 weeks and item still in pending. 
Texted seller afew times but no reply. Only reply after I request to cancel order. Seller removed my cancel request and send my item. "
5,"Very fast delivery! Ordered 5/7, received 7/7! Good price too. Can enjoy my favourite drink already. Thank you! "
4,Item is exactly what it states 
4,"Item well received & very good quality. 
But not suitable for size C - too small. "
3,Item not original but prices ok .
5,"Fast delivery, no issue"
3,Item received in good condition however please take note that when docking it is very tight and it does make your switch heat up a bit. If you use mainly handheld it's perfect. 
3,Unexpected thin material and flimsy
2,Pant so fake! Not exactly in the picture. Ask for 4xl they give 3xl.. too small! Delivery take times to reach me
5,Thanks seller. It's very cute. Will support you again. Thanks for the free gift.😊
4,Not bad for price
3,Item received in good condition and fast delivery too. Awesome purchase. 🤙🏼🤙🏼🤙🏼🤙🏼🤙🏼🤙🏼
3,"Bought a lot of items but missing 1 item..take 2 days to refund to Shopee pay account..the rest,received in good condition but this pajamas quality so so only"
4,Item came as shown...delivery took awhile but understandable due to CB. 
2,Item does not fit well
5,product is exact to the picture and it fits me well.  Thankyou!
3,"Product was good, no protection for package but delivery time took too long and arrived on the last day of extended time. Will continue to support baseus product."
2,"I think that it comes out fine but the instructions need to be more clear and charging time not indicated, the speed is fine but it doesn’t helped even tho there’s grease . "
5,Fast delivery and quick response from seller thanks!
3,Item take quite long to reach and the shield is too tight for my 4 yr old child.
2,can’t press my home button
4,"Shipping was abit slow as it took close to a week however, items were wrapped nicely. "
2,Not sure why Xiaomi is mentioned in the brand name here. Did not find it on the delivered box. The trimmer was not great. It works but does not cut through well. Disappointed with the purchase. 
2,"Roll is not as thick as hoped for thin, small, individually wrapped, find that to be a waste of plastic... "
5,Good quality. Good buy. 
5,Item came as pictured. Delivery was fast. Product is authentic.
1,"Not worth it. Quite rough and poor quality. 5m is too short but picture seems to show of good quality and long enough. When item received, mehh. Just disappointed. Delivery time took too long. Wont order again. Unsatisfactory. "
5,Have been repeating the purchase for the last 2 months. The fish are very very fresh with no fishy smell and meat are firm. And i also like their Anxin chickens. Fresh and no smell also. Glad to have used QQmart as now i no longer need to carry heavy meats from the market anymore.
1,"Took 18 days to receive so was a long wait and very disappointed with the product. Saw all the good reviews so decided to purchase but the black part of the pendant is not pasted properly, there is a gap which makes it look very cheap. The design would have been nice if not for this defect. "
1,"Controller does not work, cannot even turn on and off"
5,Really powerful fan even when it’s just at level 1! One of the best I’ve had so far! Really worth to get the fan here as this store offers the best price and customer service! Will definitely come back again if we need anything else. Highly recommended! 👍 
3,Unfortunately was tight despite the sizing chart being bigger than my size
1,Defective. I cannot wear it. Can i return it for an exchange or refund?
1,no stick and missing set of wheels
2,Not bad for the price thanks hopefully won’t turn yellow Thanks 😊 
1,12 days to receive item. 
2,Colors received were not what I like
3,too long for me and i’m 168cm
3,Received in good condition but the cap was folded so there’s a part that not really goods
5,fast delivery reliable seller! bought from them many times already! 
4,Received in good condition. Product was protected from breakage during delivery. First time purchase. 
2,well received. tried it on and i dont like it. the top part is not sticky enough. when wearing it there is a weird shape showing. feels alittle uncomfortable as well. 
5,Item came in 2-3 days..looks not bad 
4,seller is responsive and item is delivered on time. thought it comes with the shower head too. it is just the shower hose only. 
3,Packaging loose not bubble wrap or put inbox item received distorted luckily no damage.
5,"Item received as describe, but have not tried it."
2,I  Order 4 come 3 how to give you 5 star where is one more? 😤
5,I am very happy with my purchase and good service with Thank You card by seller. Nice packaging and items packed neatly in a box. Will purchase from you again 🌟🌟🌟🌟🌟
1,Egg do not stay in the rim and still get burn. Have to soak over night to scrub it. 
3,Received in good order after more than 2 weeks
3,embroidery seems weird
